cinema,datetext,title,year,imdbID,poster
CS,25-01-02,The Successor,2023,tt26597953,https://m.media-amazon.com/images/M/MV5BZWQwMzgzNjItNTcxZC00Zjk4LWIyMzAtYWZiMGIwZTQ1ZmQwXkEyXkFqcGc@._V1_SX300.jpg
CS,25-01-02,Nosferatu,2024,tt5040012,https://m.media-amazon.com/images/M/MV5BY2FhZGE3NmEtNWJjOC00NDI1LWFhMTQtMjcxNmQzZmEwNGIzXkEyXkFqcGc@._V1_SX300.jpg
CS,25-01-02,Better Man,2024,tt14260836,https://m.media-amazon.com/images/M/MV5BZDdhZWNkZTYtMzZjMy00OWIzLTllNGEtOWU0NjZhNjFiZTViXkEyXkFqcGc@._V1_SX300.jpg
CS,25-01-02,Babygirl,2024,tt30057084,https://m.media-amazon.com/images/M/MV5BMmUwODYwODAtYWZkZS00YmUwLWFmMWEtOGNjMjE2NDk3OWIwXkEyXkFqcGc@._V1_SX300.jpg
CS,25-01-02,The Order,2024,tt26625693,https://m.media-amazon.com/images/M/MV5BZWIxOGQyYjYtOGEwOC00YWNjLWJmNTktZjJlM2RmNTdjMmVlXkEyXkFqcGc@._V1_SX300.jpg
CS,25-01-02,Queer,2024,tt24176060,https://m.media-amazon.com/images/M/MV5BNWIyMGM0Y2QtMzIwNy00MzM1LTkxZWEtYTcwMzM1MzNiMmNjXkEyXkFqcGc@._V1_SX300.jpg
CS,25-01-07,A Real Pain,2024,tt21823606,https://m.media-amazon.com/images/M/MV5BODY2YWYwM2YtZTVlNC00MjgyLTgzYTgtNmFmYWE5ZmY1MDM5XkEyXkFqcGc@._V1_SX300.jpg
CS,25-01-16,Small Things Like These,2024,tt27196021,https://m.media-amazon.com/images/M/MV5BYzM2MmVkY2QtMTdmOS00YmNhLTg3NjktNmY1YTQ3ODQ0MTAxXkEyXkFqcGc@._V1_SX300.jpg
CS,25-01-16,Wolf Man,2025,tt4216984,https://m.media-amazon.com/images/M/MV5BYmFkYTNhMWUtMjEyNy00MWE0LWJlYTQtMWFmNDUwNmFjMzAxXkEyXkFqcGc@._V1_SX300.jpg
CS,25-01-16,Super/Man: The Christopher Reeve Story,2024,tt27902121,https://m.media-amazon.com/images/M/MV5BNzhhMjRkMmEtMGJiMi00NGEzLWExYzItNzliYmM2YmI0MjVkXkEyXkFqcGc@._V1_SX300.jpg
CS,25-01-16,The Wife and Her Secret,2023,tt27892591,https://m.media-amazon.com/images/M/MV5BYTMwZDhiNGEtOWE1My00MGNmLWIwMzEtZDE2MjRkOTVjNzcyXkEyXkFqcGc@._V1_SX300.jpg
CS,25-01-23,Presence,2024,tt28249919,https://m.media-amazon.com/images/M/MV5BMzY1Y2ZiNjEtYmZmNy00ODM0LWJmM2MtZGU1M2Y1NGQ1N2NhXkEyXkFqcGc@._V1_SX300.jpg
CS,25-01-23,Flight Risk,2025,tt10078772,https://m.media-amazon.com/images/M/MV5BY2Q3YjMyZjItNjdjNS00NzFjLTljMWYtMmZjMGQ5YTVjYWY5XkEyXkFqcGc@._V1_SX300.jpg
CS,25-01-23,September 5,2024,tt28082769,https://m.media-amazon.com/images/M/MV5BOWUxY2YyYzctYWY3Yi00ZGJjLTkzMDktZjYzMTIzZjNhNmM2XkEyXkFqcGc@._V1_SX300.jpg
CS,25-01-23,The Most Precious of Cargoes,2024,tt10462154,https://m.media-amazon.com/images/M/MV5BM2MxM2EyMzItNWMxYS00YzhkLTk1ZDgtMjM2Y2I1MzZlYWEzXkEyXkFqcGc@._V1_SX300.jpg
CS,25-01-30,Conclave,2024,tt20215234,https://m.media-amazon.com/images/M/MV5BYjgxMDI5NmMtNTU3OS00ZDQxLTgxZmEtNzY1ZTBmMDY4NDRkXkEyXkFqcGc@._V1_SX300.jpg
CS,25-01-30,Den of Thieves 2: Pantera,2025,tt8008948,https://m.media-amazon.com/images/M/MV5BNGM5NDRiY2MtNWY3Ni00MGY4LWFmMTAtOTRhNDQxYmYxMmM4XkEyXkFqcGc@._V1_SX300.jpg
CS,25-01-30,Flow,2024,tt4772188,https://m.media-amazon.com/images/M/MV5BOTM5ODBlOTAtYjcwZi00YzkzLWIzODEtMTM2MTZlNDFmMWU2XkEyXkFqcGc@._V1_SX300.jpg
CS,25-02-06,The Rapture,2023,tt27531109,https://m.media-amazon.com/images/M/MV5BMmRhNzRlMmUtODBkYy00OTU0LThjNjMtZWFmOTY0Y2QzMjdhXkEyXkFqcGc@._V1_SX300.jpg
CS,25-02-06,A Complete Unknown,2024,tt11563598,https://m.media-amazon.com/images/M/MV5BYTA2NTA5NDYtMzlkOC00MTQxLWI0NDQtMzk2M2YzMGE4MTkxXkEyXkFqcGc@._V1_SX300.jpg
CS,25-02-06,Runt,2024,tt29424284,https://m.media-amazon.com/images/M/MV5BNGJkZGM0NzEtYjZmNS00MWUyLThjNjctZTEzNjk2MWRiMzFlXkEyXkFqcGc@._V1_SX300.jpg
CS,25-02-13,Bridget Jones: Mad About the Boy,2025,tt32063050,https://m.media-amazon.com/images/M/MV5BMmM3MDc5ZGEtYzMwMi00MjQxLTgyMDAtMDAwY2UwMjdmMTIyXkEyXkFqcGc@._V1_SX300.jpg
CS,25-02-13,Captain America: Brave New World,2025,tt14513804,https://m.media-amazon.com/images/M/MV5BZDBlZTAzYzYtYjczZS00MmQyLTlkYjMtNzY2MzU3YjRjYTJiXkEyXkFqcGc@._V1_SX300.jpg
CS,25-02-20,The Brutalist,2024,tt8999762,https://m.media-amazon.com/images/M/MV5BMWEzOGNlY2EtMzlkZS00ODllLThmYzAtNmU4ZmJkZmZmZTQ4XkEyXkFqcGc@._V1_SX300.jpg
CS,25-02-20,The Monkey,2025,tt27714946,https://m.media-amazon.com/images/M/MV5BNzZhMTc5MWUtOTE2MS00MjUwLTljYWEtYTk1ZmVjNzhmMzYzXkEyXkFqcGc@._V1_SX300.jpg
CS,25-02-27,Maria,2024,tt22893404,https://m.media-amazon.com/images/M/MV5BMmJlZTkzOWMtYjBmMi00MWY2LTg0YTUtNGUzZjI0MzgxYTY4XkEyXkFqcGc@._V1_SX300.jpg
CS,25-03-01,The Teacher Who Promised the Sea,2023,tt11887316,https://m.media-amazon.com/images/M/MV5BNTc1NzJiOGItMGQ2Ni00ZDMxLTkzYzYtMmU2ODUwMjEzODkzXkEyXkFqcGc@._V1_SX300.jpg
CS,25-03-06,Sinners,2025,tt31193180,https://m.media-amazon.com/images/M/MV5BYThkYmJiZTQtZGUzMy00OTllLTg1NmYtZmMyZjQ3ODdjYjc0XkEyXkFqcGc@._V1_SX300.jpg
CS,25-03-06,The Legend of Ochi,2025,tt8866456,https://m.media-amazon.com/images/M/MV5BN2U1NTk2MmYtYWNlYi00NzdjLTg5YTEtNTY5MjYwYzM4OTk0XkEyXkFqcGc@._V1_SX300.jpg
CS,25-03-06,Paddington in Peru,2024,tt5822536,https://m.media-amazon.com/images/M/MV5BNzMyNWZlYmYtZDgxMC00ZTU3LWFiYzctNGE0ZDc0OTlhZTRlXkEyXkFqcGc@._V1_SX300.jpg
CS,25-03-20,Snow White,2025,tt6208148,https://m.media-amazon.com/images/M/MV5BZTQ1OTliZWItMzE5Zi00YzA5LTgzN2ItZjA5MjQ1ZGU3YjE2XkEyXkFqcGc@._V1_SX300.jpg
CS,25-04-03,Widow Clicquot,2023,tt3234122,https://m.media-amazon.com/images/M/MV5BOWYyZDg2N2YtYmU3YS00MTI0LTliM2QtZjcxNTJhMGRiNTBiXkEyXkFqcGc@._V1_SX300.jpg
CS,25-04-03,A Minecraft Movie,2025,tt3566834,https://m.media-amazon.com/images/M/MV5BYWI2ZWE1NDktYmI1MC00MDAzLWI3MGYtMTgwMjkzNmJjY2ZlXkEyXkFqcGc@._V1_SX300.jpg
CS,25-04-03,Out of the Nest,2024,tt31520900,https://m.media-amazon.com/images/M/MV5BZmNjMTE5N2YtODg3OS00ZDNlLWE3ZDItZTAzOGZmY2JjOTgyXkEyXkFqcGc@._V1_SX300.jpg
CS,25-04-17,Mickey 17,2025,tt12299608,https://m.media-amazon.com/images/M/MV5BOTZmY2E4YjUtNzU1OC00NGQ2LWFlMmItNDk4NDA2OTg3OGIyXkEyXkFqcGc@._V1_SX300.jpg
CS,25-05-01,Thunderbolts,2025,tt20969586,https://m.media-amazon.com/images/M/MV5BYTVlNDViYWUtYmQ4Ny00Y2NhLWFjMGMtNTEyYTg5ZWNkMzhiXkEyXkFqcGc@._V1_SX300.jpg
CS,25-05-08,Ballerina,2023,tt26350277,https://m.media-amazon.com/images/M/MV5BOTgxNzA0MDktYzc5ZC00MGY3LWIwYjItMDJhNzE2ZGFjYmE1XkEyXkFqcGc@._V1_SX300.jpg
CS,25-05-22,Lilo & Stitch,2025,tt11655566,https://m.media-amazon.com/images/M/MV5BZTI1YWQzMTctYzM5Zi00MDIwLThjMTgtNDVjZjYwZGQyNDc0XkEyXkFqcGc@._V1_SX300.jpg
CS,25-05-22,Mission: Impossible 8,2023,tt9603212,https://m.media-amazon.com/images/M/MV5BN2U4OTdmM2QtZTkxYy00ZmQyLTg2N2UtMDdmMGJmNDhlZDU1XkEyXkFqcGc@._V1_SX300.jpg
CS,25-05-29,Karate Kid: Legends,2025,tt1674782,https://m.media-amazon.com/images/M/MV5BNTFmM2U2MzItMTMzOC00OWI2LWFlZjgtOGJhNTc5MzU5OTM2XkEyXkFqcGc@._V1_SX300.jpg
CS,25-06-05,Ballerina,2023,tt26350277,https://m.media-amazon.com/images/M/MV5BOTgxNzA0MDktYzc5ZC00MGY3LWIwYjItMDJhNzE2ZGFjYmE1XkEyXkFqcGc@._V1_SX300.jpg
CS,25-06-12,How to Train Your Dragon,2025,tt26743210,https://m.media-amazon.com/images/M/MV5BOGU0ZWYzZmUtZDM5Yi00NjJlLTllNTctY2NiZWVkOTIzM2JlXkEyXkFqcGc@._V1_SX300.jpg
CS,25-06-12,Elio,2025,tt4900148,https://m.media-amazon.com/images/M/MV5BNjRiYzIxMjItNWUxNi00NDc5LWJjMzEtZmRkY2EwOTJhZjkyXkEyXkFqcGc@._V1_SX300.jpg
CS,25-06-19,28 Years Later,2025,tt10548174,https://m.media-amazon.com/images/M/MV5BMWExYTY4YjAtYWJkZS00NTljLWEzZGUtZDA1MDFjOGUyMTk1XkEyXkFqcGc@._V1_SX300.jpg
CS,25-07-10,Superman,2025,tt5950044,https://m.media-amazon.com/images/M/MV5BZjFhZmU5NzUtZTg4Zi00ZjRjLWI0YmQtODk2MzI4YjNhYTdkXkEyXkFqcGc@._V1_SX300.jpg
CS,25-07-31,The Bad Guys 2,2025,tt30017619,https://m.media-amazon.com/images/M/MV5BZTAyZDA2MmEtYjFlMy00MDAxLWJlMDEtZGNiNGUyYTVmNGVlXkEyXkFqcGc@._V1_SX300.jpg
